,step02h_eqparamA,step02t_eqparamA,step03h_eqparamA,step03t_eqparamA,step04h_eqparamA,step04t_eqparamA,step05h_eqparamA,step05t_eqparamA,step08h_eqparamA,step10h_eqparamA,step12h_eqparamA,system_eqparamA,step01at_eqparamB,step01bt_eqparamB,step02t_eqparamB,step04t_eqparamB,step05t_eqparamB,step01h_reagparamA,step01at_reagparamA,step01bt_reagparamA,step03h_reagparamB,step03t_reagparamB,system_eqparamC,system_reageparamC,system_eqparamD,system_state,system_result
204,10.20615975,5.269792833,18.24556429,14.57155723,13.45851229,2.689148114,9.163512441,1.951001133,9.841448238,10.35980317,9.275443767999999,26.39724809,1.033880622,1.0974585620000001,2.113180899,0.727515392,0.79308841,26.26918993,0.0,0.0,324.17959069999995,350.0,6.0,8.72201839,4.3978775269999995,72.35688086,Bad
288,11.59469293,12.96403471,22.0,18.81867418,18.6960333,5.849144317,16.85186262,5.854143677000001,14.0,10.0,11.99422157,36.39728865,0.863880065,1.4228821319999998,2.465616896,0.702224677,0.659265873,27.96088124,5.0,5.0,350.0,199.2847506,9.0,7.011022399,6.656041375,129.07062,Good
10,13.90843196,9.577345787999999,21.44243337,17.18233984,17.06809806,3.2702576339999996,18.39272672,4.6704243210000005,10.78226032,11.96129417,8.390811285,29.32795868,1.1005135590000001,0.8172783370000001,2.238371229,0.668261862,0.613815845,18.71929015,7.303456768999999,5.237318035,367.30227169999995,364.2919467,7.0,7.004696243,5.696510987000001,161.5113622,Bad
343,12.58714565,9.169557664,23.16961213,18.43134563,15.83030375,2.0,15.636227700000001,3.212020285,12.0,10.87354938,13.1093438,32.45977203,0.9386171590000001,1.476914565,2.234709118,0.7633826220000001,0.75908697,32.23147017,4.900000095,4.900000095,325.69258310000004,325.6983412,6.0,6.897593181,5.902287713,120.92058109999999,Bad
12,15.12195597,11.48236002,20.89470082,18.20265519,15.983782500000002,2.901993585,14.03056024,2.84883024,7.2822349189999995,8.266933547,4.68674728,30.56121744,1.0830737129999999,0.532814138,2.218589891,0.598675477,0.570682245,22.62242689,10.1243941,6.764164641,350.0,300.0,7.0,7.278900652999999,5.216745696,103.0958275,Bad
243,14.00474998,10.26581156,20.68626064,17.82309516,11.28823876,2.2690936919999998,12.77965072,6.370841788,11.34818009,10.70858565,10.82471424,31.27408927,1.107326397,1.751440415,2.284736655,0.7730374790000001,0.748304352,25.0,4.99921123,4.0,350.0,350.0,6.0,7.000123232999999,5.419625272999999,58.94766514,Good
441,17.5246427,13.35899149,24.32356101,20.52289998,20.12353836,4.827907523,18.78301306,8.602429589,11.50449602,11.47251556,11.64842526,32.97578181,1.5930715709999999,1.794399149,2.3794349059999997,0.766970267,0.725946592,20.21596128,0.0,0.0,347.8683458,336.87324689999997,6.0,6.971186668,5.168012871,101.7308578,Good
292,11.0,11.6834569,21.0,16.90326739,20.0,6.10889896,15.0,4.315378261,10.34385525,10.35883573,12.0,30.86391707,0.865538733,1.308759353,2.460121365,0.708825673,0.830714194,24.10889896,5.0,5.0,350.0,267.1976568,9.0,7.014206736,6.504553772,129.09383559999998,Good
47,14.07999645,9.131815462999999,22.80085887,19.06705327,18.70674785,3.445310081,17.08361312,3.7054432989999997,7.505742402,7.332451742000001,7.0044335129999995,28.54124038,1.344253277,0.9571246109999999,1.922159709,0.6334603910000001,0.826498191,19.47566138,4.221967917,5.0,300.0,273.4108909,6.0,6.819047567999999,5.477942883,110.3012146,Bad
390,11.76661646,10.05764546,22.57401808,20.21694752,17.35714586,8.202560399,12.52345177,4.198389201,9.760526535,11.91794352,10.94666738,31.14418973,1.5814757369999999,1.8405641519999998,2.425779026,0.8403382770000001,0.787057564,20.80383449,5.0,5.0,350.0,350.0,6.0,6.909675233,5.1625914580000005,82.41659097,Good
165,10.7348895,4.029115683000001,21.23507612,16.24040829,14.88323145,2.403840029,12.95722249,2.9652985210000002,11.38084209,9.177283413,9.862084300000001,26.05104527,1.3204370429999999,1.4299030080000001,1.968554105,0.921451652,0.8054944009999999,25.0,4.470932049,3.726790467,350.0,350.0,7.137707722000001,6.843626938,4.934031224,86.32922992,Bad
41,15.38364925,13.01285863,22.15216656,19.98726506,15.4274505,4.097941219,8.716007363,2.180115097,7.236926277999999,7.1839013970000005,6.282151064,31.96271267,1.442855802,0.9641173040000001,2.1555765030000003,0.49798606799999995,0.738840365,25.96826664,7.149637959,7.149837023,300.0,300.0,9.0,7.0316813279999995,8.130522825,69.4313175,Warning
63,11.13415856,7.285891766000001,16.49802998,14.13456359,9.132476093,1.8184829269999998,10.23657002,1.451482991,8.0,6.413115853,6.249821736,27.84706156,1.3549288430000002,1.0120442509999998,1.5626285480000002,0.6731900959999999,0.572353807,17.92879154,3.2022745269999997,3.202089345,188.6903112,188.69955080000003,5.5,6.841875001,5.487717034,204.1704253,Good
413,11.7420404,10.46147108,21.56458885,19.01152777,13.34472368,2.493862951,12.42161477,2.821377088,10.33043425,11.49329134,10.13325508,27.79624212,1.5465343999999999,1.6997745830000002,2.220450797,0.7956404979999999,0.684523385,22.25619441,2.451975729,2.451887771,350.0,350.0,6.0,6.858825283,5.76724301,81.74461396,Good
133,15.46445834,10.09090051,24.29674385,21.00566769,16.85460339,2.54042939,15.83258454,5.045939912,6.705262638,7.663632455,8.89961116,28.1013923,1.9962521009999998,1.448700855,2.615369152,0.9315081709999999,0.7956710570000001,33.814493799999994,7.403596152,6.404083702,450.0,400.0,9.0,6.736067546,5.3485472530000004,185.9458023,Warning
131,14.93817955,11.6702023,21.590453699999998,19.64406741,10.86558713,3.8586730210000004,11.543108,5.052018613,7.035534822000001,7.285069233,6.96437944,32.17440928,2.016740324,1.600064612,2.509665698,1.462664681,0.838502855,31.81334215,3.0459208060000003,3.863185585,270.8707275,145.6253305,8.428961067000001,6.949459019,5.352322257,94.00542175,Good
86,17.12100517,13.80860415,22.27534535,19.30470295,9.827674907,4.013022402,10.38448673,3.5141439639999996,6.356205133,6.260708935,7.669427708,36.3914801,1.5023564880000002,0.9945780040000001,2.188408825,0.948560063,0.627577514,31.96068337,1.6898511569999999,1.68982827,300.0,300.0,8.0,7.038283296,6.347504785,32.25330763,Warning
426,17.17787178,12.65531512,22.95729182,20.14609274,13.07896454,2.8370593060000004,12.43309013,2.715343605,10.76718205,12.22765438,12.92190213,30.020611300000002,1.5885467659999999,1.803717665,2.252915745,0.665687183,0.6709775689999999,20.45773464,0.845693316,0.8457551209999999,350.0,113.626476,6.0,7.158986639,4.671575356,55.19193009,Good
229,11.59653833,5.756917976,19.76035964,16.04105978,17.72709195,5.192370073999999,13.08125049,4.084882535,9.654758112,10.12297504,9.841755629,31.39938961,1.072332462,1.629612665,2.030718099,0.668871144,0.758321983,30.88953256,3.349837866,3.349675079,350.0,350.0,5.0,7.070789482,5.0236625230000005,77.49636822,Good
358,10.0,7.808248271,24.0,21.86107532,21.0,9.187551923,13.0,8.0,9.0,11.44308476,11.6647476,28.0,1.096677928,1.540027983,2.378932358,0.777397107,0.7137542259999999,25.0,4.900000095,4.900000095,300.0,300.0,6.0,6.978129435,4.7694129080000005,1.0,Good
51,13.33128722,8.239994549,22.49801708,18.86136943,12.25794431,1.5921647630000002,15.54740179,2.390638038,7.626299375,6.852525324,6.901013675,27.28277171,1.344594146,0.7663027490000001,1.97300253,0.914252895,0.648792698,21.86934748,1.64731599,1.647267819,331.73481539999995,284.1509363,4.8438531419999995,7.216495403,4.806655161,108.7419821,Warning
419,11.28332815,8.229604892000001,21.2983357,17.64532892,16.75543932,1.9768488080000002,16.05302892,2.653235661,11.64907129,11.82219672,10.17640357,25.84797617,1.510390598,1.8584224530000002,2.063080771,0.69656146,0.6773105140000001,20.0,0.0,0.0,350.0,350.0,6.0,7.1314961839999995,4.765612263,99.44684331,Good
97,15.73958794,13.94427808,20.07910491,18.37389301,5.244299097,3.76113507,5.425536573,2.94154684,6.430457668,6.887461916,6.752103142999999,36.62804104,1.393325949,0.9503231390000001,2.319797646,0.841041728,0.683734747,26.83202489,5.0,5.0,277.27906360000003,277.28276850000003,7.723065319,7.263280707000001,5.822724425,32.36097403,Good
369,10.80176699,9.26283722,25.00476798,20.1409229,17.17506758,4.167039997,11.51372203,4.453292661,9.088066491000001,8.565770125,8.943095655,25.57443865,0.602384924,1.324181549,2.1571105090000002,0.799075337,0.708060479,39.57912177,6.684961304,6.684926657,344.6079848,344.60913999999997,6.0,7.007835921,4.794943084,62.41266751,Good
236,13.55600534,9.884400207999999,21.06069617,19.46438072,13.05265258,2.155395608,17.92869882,7.5413978639999995,10.84393551,10.90992475,11.15158027,33.73669968,1.144669578,1.687758264,2.288788734,0.758749982,0.62371694,24.48419557,5.0,4.0,350.0,350.0,6.0,7.144021206000001,4.984413732,73.16677432,Good
90,16.0,14.0,25.0,20.0,14.0,3.0,13.0,3.0,7.0,8.0,7.0,39.0,1.5274852980000002,1.213546913,2.500644472,0.983063162,0.825849649,19.0,0.0,0.0,300.0,300.0,9.0,7.145134388,6.149752396,90.35745878,Bad
180,14.68725644,8.432264073999999,23.43354816,20.86011063,12.06299694,1.420706522,11.14762492,1.5690356419999998,10.32809167,9.600057257000001,10.51247663,31.29167875,1.297380779,1.272045927,1.948185525,0.677465133,0.755085883,25.42634072,5.862010242999999,5.495387523,350.0,350.0,6.862419687,6.941961768,5.7660294379999995,25.00069869,Bad
372,10.02758559,8.057224587,24.270968399999997,21.50726386,14.95864438,2.0,12.359400099999998,3.1891307369999997,10.71647008,11.07876354,10.64794621,24.18786357,1.465007617,1.460941681,2.165295796,0.710272415,0.7108992909999999,21.9990252,5.0,5.0,350.0,350.0,6.0,7.112181255,4.657320176,85.31770587,Good
17,13.72229948,10.49888523,20.67808537,17.46563564,14.76116179,2.8582227939999996,14.19649969,2.493598343,12.24715917,8.65434264,9.167971957999999,30.87417935,1.11205822,0.843350904,2.043603819,0.694717659,0.625253971,16.450494199999998,4.0,3.0,300.0,300.0,5.0,7.285182692,5.136531076,91.2813333,Bad
30,16.16750173,12.74007036,22.9451611,19.16772103,15.34298831,3.517571373,16.06062728,3.29158919,7.515655149,8.234809846000001,6.3608685110000005,28.1701765,1.395773345,0.857276877,2.269265294,0.628480585,0.639541447,16.68003838,4.0,4.0,400.0,400.0,9.0,6.802838499,6.527299871,109.3096472,Bad
132,18.54299771,11.33149025,24.95309624,21.15575146,14.08654176,2.715170872,14.69329153,5.055231731,7.807560852000001,7.490699556,8.515249887000001,29.91036192,1.9975915309999999,1.443160241,2.704507501,1.154972289,0.8951753579999999,32.90171039,6.9019480070000006,6.0,406.9000851,361.1831899,9.0,7.108334796,5.36714583,162.8745959,Bad
195,11.3121133,6.199478922000001,22.02091605,17.8945077,17.27370434,2.092108396,16.20451655,4.260393339,10.11134428,12.12416436,10.69282313,29.85273423,1.0990111809999998,1.1105927709999999,2.248435122,0.7313648890000001,0.677400001,25.40047578,4.5,6.0,350.0,350.0,6.0,8.712128328,4.831693428,81.99933609,Good
174,10.73492915,5.140582161,22.03813585,18.06040622,13.86926438,1.220213969,13.25191138,2.154934319,14.61531128,12.63492217,12.42233524,28.35858968,1.114027955,1.094250696,2.149178264,0.8203014790000001,0.772765852,25.12572367,7.80718326,7.232506531,350.0,350.0,6.0,6.9948510729999995,5.781977952999999,77.49155625,Bad
223,10.83973838,5.211287566,17.68753503,14.09408443,18.61032619,9.153069346,10.94434499,2.664884832,9.876812267,10.43643294,9.499218391,26.473063300000003,1.0013173709999998,1.045615971,2.269088325,0.877797033,0.839251593,25.58582918,0.0,0.0,350.0,350.0,5.15095722,7.084264997999999,4.66443928,87.68201619,Bad
159,14.61528289,9.176515995,24.96171972,20.95601906,19.57043454,4.451670856000001,14.24897737,5.385007951,8.4322129,7.495688952,7.865365539,32.606559000000004,1.3240553,1.335141579,2.488793887,0.9206436170000001,0.84357604,26.12073344,1.720505902,2.15051221,337.2524687,342.6805557,7.937724797,6.891512551,5.1443968710000005,104.3337857,Good
72,16.16258731,13.99001393,24.19199694,21.2064743,9.908682029,2.223532675,10.97378595,3.0,7.199880489,6.606747577,6.6015819979999995,34.69868867,1.6324750030000001,1.13207034,2.441046221,1.049235666,0.817434801,17.40596405,0.0,0.0,300.0,300.0,6.0,7.166259988999999,5.548066434,78.48421071,Bad
42,17.1922432,14.77527608,22.91285592,19.84817672,15.93602001,3.172671007,15.18918074,3.2762251680000003,7.152881337999999,7.677928773,7.672796315,35.37557916,1.4437641769999998,0.916350091,2.137381649,0.687530755,0.678310711,14.80674226,7.0,7.0,300.0,300.0,9.0,7.045308884,7.745596744,94.18425979,Bad
259,17.07140445,13.56609197,21.28837024,16.35848167,17.85849779,4.00555694,17.10427257,4.674698576,10.63353449,10.8233727,10.63377444,38.86054098,0.817319227,1.518185916,2.5537209990000003,0.744878756,0.8621542759999999,29.82755036,5.0,5.0,350.0,183.1100781,8.191714544,7.264255839,6.456628257999999,92.75232640000002,Good
391,8.274788658,7.8631560579999995,16.99511396,13.46570047,17.11741845,7.155543363,10.94267521,2.9034658560000004,10.94608022,11.45121617,12.1956909,28.32737339,1.5456617540000002,1.9182814330000002,2.458958166,0.75222651,0.822618118,20.0,3.78371148,3.783836518,350.0,350.0,6.0,7.041703935,4.771272197,98.28737618,Warning
71,15.2619289,12.56266657,23.86322032,20.28666158,10.94582274,2.53777969,13.761049800000002,3.194525335,7.566815041,6.1823800360000005,7.400033807000001,31.16888174,1.476125795,0.9822613040000001,2.225482997,0.962215575,0.69642384,29.34181958,3.43339999,3.433460713,300.0,300.0,6.062773934,6.848581215,5.134252625,55.64351132,Good
216,11.96655277,7.497369665,11.3909529,15.64358264,10.2621255,4.391804294,8.769454997999999,4.769338200000001,9.855909109,10.90862566,10.76329211,30.58446115,1.180630232,1.06562635,2.575311654,0.926497253,0.84897832,25.47628903,5.0,6.0,350.0,350.0,6.0,7.003521932999999,4.564774772,107.03914979999999,Good
13,15.60729572,12.03297767,21.43819144,17.17878848,17.97364043,4.763326131,16.68407821,4.38961647,7.242311787999999,7.009739757,5.901873171,32.65667225,1.196580941,0.644723206,2.151205739,0.53775903,0.5840042320000001,15.25462589,5.667083807999999,5.049129306,329.7331325,300.0,6.876218056,6.944742449,5.360567474,101.2644149,Bad
190,8.244071304,4.703926473,18.74005104,14.75993218,16.16397551,2.19582996,10.93211645,2.246927842,10.38785039,10.90352164,10.59054866,25.81422956,1.034367289,0.96639206,2.05238921,1.0565064709999998,0.842606407,25.0,5.0,6.0,350.0,350.0,6.0,7.59768981,5.9809539339999995,77.03789639,Bad
160,12.09964259,7.239414063,22.5336917,18.09529462,19.76007164,2.788261748,15.89185614,5.461635284,13.03317693,9.530759618,11.05011922,29.1082928,1.1867787159999998,1.2004901829999999,2.4999584230000003,0.87051555,0.84596425,29.25095308,5.565892916,5.647153958,424.16232060000004,351.0469381,7.540169082999999,7.008639037000001,5.2209927160000005,139.753379,Good
411,9.931788000000001,8.866861663,17.98207364,16.04535009,8.048888203999999,2.443318936,8.822698335,2.7968461380000003,9.414453299,9.623901231,9.236563157,29.05983975,1.527681696,1.637238584,2.095626681,0.6976108320000001,0.66813485,35.77961191,4.797732815,4.797808828,309.8685455,309.6779977,6.0,7.177863925,6.321476542999999,54.53331537,Good
375,10.31072408,9.338121571,26.78065159,24.38485121,14.31631209,2.191136316,12.04993941,4.073252796,8.96827236,11.34665844,11.29657148,25.17910774,1.426732179,1.370192118,2.3231964609999998,0.7544644709999999,0.781688486,34.09807111,5.0,5.0,350.0,350.0,6.0,7.185795592000001,4.892064121000001,91.75316059,Good
137,9.172569335,8.452021442000001,15.76249886,16.13576319,14.23392889,2.9665064880000003,12.38663277,4.275997854,7.435718849,7.137008474,8.263154811,29.41844184,1.8794456119999998,1.590371212,2.501088223,1.474112885,0.7943360270000001,22.75196829,4.177539718,4.177540012,349.72357900000003,340.648479,8.432655579,6.921964719,5.104457566000001,174.1882441,Good
109,14.43181924,14.01922082,21.71578824,17.36747988,16.36095877,5.6330201760000005,16.36217286,5.985054644,8.0,8.0,7.711041762000001,41.86208366,1.400187167,0.7862718679999999,2.4862595919999997,0.872377143,0.740052116,32.22939064,0.0,0.0,318.55784910000006,300.0,9.000058751000001,6.8860258739999995,5.752751377999999,69.77950957,Bad
88,17.21238238,13.45275063,22.4910194,18.35303446,11.93175896,3.3161335339999995,13.44979148,5.1864282919999996,6.798227224,6.93179791,6.418187317,35.87263734,1.5495744230000001,1.193452826,2.6051137069999997,1.095903771,0.7446821029999999,26.17521316,1.7564770859999999,1.756259473,300.0,300.0,9.0,7.283687245,6.222587995,45.5528369,Bad
5,10.67003367,7.887823692,19.05766963,16.69445749,10.90371773,2.7476985710000004,10.23371824,3.6023866780000002,4.540451963,4.050596065,4.769378594,27.01731494,1.19233269,0.70844331,2.0744310880000003,0.606522706,0.648017989,24.52834809,7.513342036,6.526549606000001,214.47572480000002,214.46264150000002,5.369345307000001,7.174758138,5.162659548,75.63384705,Warning
188,13.27783207,8.729942963,21.28643927,17.13714964,17.61443812,6.106048813999999,12.45956295,5.088511585,10.4284095,11.10791732,9.915750064,30.754642800000003,1.0628827570000001,0.9949680790000001,2.364891711,1.0560075820000001,0.873837877,26.0,4.5,6.283663261,350.0,350.0,7.0,8.157814492,6.234884687999999,76.74372173,Good
50,14.26996167,9.064859918,20.90978819,18.44713172,9.019006766,3.621583895,8.918707339,2.0,6.781603101,7.138809404,6.277545972,27.53492986,1.240193899,0.751042471,1.660509026,0.6316289429999999,0.616443782,24.11754329,2.126793785,2.1267231769999997,276.3267409,224.1090981,5.0,6.950253582999999,4.899226027,27.01502056,Bad
425,13.96291301,10.22634513,21.57861675,19.47942169,11.57863227,2.191108837,11.49112966,2.112423993,11.36528123,12.31731521,13.56508708,26.80646047,1.5253445019999998,1.597865546,2.237879097,0.661698177,0.706410665,35.72527645,3.9575695310000003,3.95763099,339.0369413,324.1095724,6.0,7.334464354,4.611271218,41.38183598,Good
347,6.62676712,4.5019769069999995,17.54335194,15.22915556,9.999675058,1.348931061,6.984671896,1.3935520630000002,9.560394702,9.234987431,10.15677184,21.77143491,0.82567096,1.311118403,2.15462024,0.618328443,0.8217292829999999,30.0,4.900000095,4.900000095,350.0,309.9172845,6.0,6.802442647,5.291178511,68.87061894,Good
124,16.27276673,12.63866618,23.37627188,19.13332757,16.31138006,3.996247537,18.15033411,6.967803559,7.387267455,7.604955188,8.454318358,38.39244441,1.67007664,1.021962424,2.735212116,1.108540765,0.848463297,33.17757985,2.154881816,2.154819846,300.0,300.0,8.030312744,6.710122512000001,5.322309646,130.7995904,Good
215,8.567750241,4.273485185,7.092402084,12.68895098,4.977833519,1.6934535240000002,5.6883688889999995,1.8679651730000002,7.274661956,8.916102141,8.610169485,29.81701485,1.252116348,1.258249595,2.3713242390000002,0.881472867,0.818329161,20.01386201,3.848396035,4.263129062,251.2297355,251.2383784,6.0,6.88698751,4.559469943,14.72667014,Good
221,10.11080226,5.940241447000001,19.39881076,15.84667976,15.88940166,3.691824734,9.424019446,4.0383651910000005,10.82993527,11.19299161,10.77392981,27.90398645,1.235752372,1.227849212,2.21142233,0.6775900779999999,0.884561383,25.67564684,1.617091725,1.617153443,350.0,350.0,6.0,6.903055179,4.535960996,76.35459532,Warning
82,14.52404782,11.34347013,21.66770062,19.39156191,7.914012197000001,2.7557870089999996,8.946623876,2.8183857710000004,7.359375986,7.4416055629999995,7.169822485,30.61373191,1.640314841,1.2042300259999998,2.222407784,0.85508364,0.595169828,31.90430583,3.92630009,3.926238195,310.7735548,310.7735548,7.570747431,7.334303289,5.844027071,42.21730605,Bad
24,16.64393316,12.99779161,20.70721956,18.17771712,18.97729631,6.009298976,15.12474723,4.924279396,6.609559803,8.614280903,7.432317621,29.15770571,1.360448265,0.9268867709999999,1.9803026680000002,0.49010507200000003,0.6072219560000001,24.16737507,4.0,4.0,436.0403834,436.0428246,6.678175369,7.299979907000001,6.507713664,38.862246,Bad
440,17.16193127,12.74718502,23.72229685,19.72334398,17.68296122,3.7869801560000003,17.07366402,6.886466215,10.83313786,11.80859549,11.50671263,33.47507042,1.5796431069999999,1.6006354740000002,2.4048303580000003,0.7497267470000001,0.7247152929999999,22.51606845,2.217438519,2.217339485,350.0,345.134295,6.158627598,7.0201663629999995,4.845638346,106.53489640000002,Good
355,10.52878576,5.592763907,21.61118687,16.79200471,17.11479096,6.529060216,12.81874594,5.244164448,8.398137716,8.454232618999999,7.957668312999999,26.07647579,1.12525425,1.7107502730000002,2.303769909,0.741000412,0.702944247,27.0,4.900000095,4.900000095,350.0,325.53047260000005,6.0,7.12018972,4.203113295,114.01497990000001,Good
8,13.73998345,9.731702702,18.15573865,15.152823300000001,13.19613736,3.9386140860000003,10.79906859,3.169777182,6.852903559,4.635242777,5.265988339,33.59190306,1.2281213009999998,0.967888188,2.230322198,0.6962464140000001,0.598148379,21.97784663,7.118949617999999,7.372995561000001,244.1351057,260.9057309,6.417536713,7.083248755,5.396857343,39.00827939,Bad
439,15.79689914,10.34501425,23.33354764,19.07892518,16.47622163,3.0,16.08346036,5.201949745,10.37322664,11.25666421,12.62663556,32.48116768,1.481222303,1.543268607,2.307501874,0.756629448,0.714871163,32.63467181,3.871459867,3.871477055,350.0,337.63600310000004,6.0,7.129106147000001,4.866394715,91.33104686,Good
53,12.59079595,7.4801933279999995,22.62831276,18.94773128,8.322190724,1.3654465,12.06404721,1.6221567430000001,7.535356497,8.0,7.868738327000001,26.69555341,1.553720639,1.003737189,1.9606678469999999,0.985005274,0.606583994,12.0,0.0,0.0,300.0,300.0,5.0,7.170841093,3.992303355,49.61292993,Good
27,16.14986571,12.60510412,21.21233091,17.52949816,15.715147199999999,3.964119135,14.22902806,3.3836776680000002,5.974974344,9.833329617999999,6.238518854,29.33255603,1.425701704,1.089844347,2.105261664,0.64365503,0.620073395,10.0,4.0,4.0,450.0,450.0,7.0,6.976365169,6.272279882,80.44781693,Bad
16,13.92989786,11.71874281,21.29347922,18.16804416,17.38824845,4.373220932,14.77193421,3.2528146810000003,10.93159627,9.555578067,8.33960485,32.67550119,1.109235894,0.826694783,2.13136059,0.6751062409999999,0.636097558,18.70416737,4.0,3.577213883,300.0,300.0,5.0,6.8144471829999995,5.496163281,110.68089009999998,Bad
397,9.404149225,7.92396191,18.12864295,15.91281196,14.23586013,2.78437112,10.06047393,2.683461886,9.325059407000001,10.018945599999999,10.55064125,28.25560423,1.454893398,1.632215341,2.263580249,0.652851452,0.7998477420000001,30.37498812,3.6322881160000002,3.8232454989999995,307.2760747,307.2179672,6.0,6.862265774,5.2557806639999995,74.00311514,Good
104,16.25390283,14.25331542,21.1404039,18.48321745,9.273507327999999,3.895689397,11.11425576,3.8949706010000003,6.994110905,7.455857706000001,7.727928853,42.27826427,1.44057349,0.910369561,2.285326033,0.8253712440000001,0.609161385,24.61048696,0.0,0.0,300.0,281.52788530000004,9.0,6.964816989,6.513702723,67.77431717,Good
32,16.43522368,13.23821172,23.0,20.08225947,17.67260337,4.452580509,13.15612271,2.7462939,6.614754629,8.788471551,7.601080231,33.94225585,1.322864373,0.946798082,2.158181023,0.5341722289999999,0.603343999,10.44194181,4.0,4.0,350.0,350.0,8.0,6.947866441,6.1967541960000005,78.99682231,Bad
22,15.36955451,13.03673214,21.13876964,17.81200562,13.98497539,4.2020275289999995,12.93192391,4.02773261,7.704018276,10.18949824,9.511465626,32.17801583,1.452445975,1.097078582,2.164340134,0.659268185,0.658464271,10.0,4.832236343,5.155607072,400.0,400.0,7.0,7.267278938,6.327331934,47.33292121,Bad
371,10.23198487,8.246869942,24.43959013,21.17146315,15.34619607,2.675850208,13.93975441,3.7298964530000003,11.54454049,11.56686657,11.56304881,25.93139065,1.411305197,1.303914791,2.179843591,0.7431446340000001,0.710439048,25.68456042,5.0,5.0,352.8666652,351.7417384,6.0,6.997613427999999,4.523168723,96.32914839,Warning
264,19.5050509,13.84349936,22.36713051,16.72927819,16.64146796,6.838508084,15.03758291,3.822727378,10.42787032,12.0,10.19907067,42.97037969,0.9234180129999999,1.357747169,2.847630451,0.9869731429999999,0.820570309,30.0,5.0,5.0,132.2192225,0.0,8.0,6.996334349,6.766003477999999,102.4394521,Bad
285,10.0442784,10.72295567,21.08461372,17.0,13.45406265,3.847145179,11.34707887,4.340630104,8.784822518,11.03763434,10.73086623,29.04198427,0.726896219,1.4924912869999998,1.8729217830000002,0.48144294600000004,0.487370962,26.0,5.0,5.0,246.3451002,316.5949265,7.369785305,7.208588872999999,5.217906993,236.63543430000004,Bad
305,13.14357226,11.07435041,26.85980369,22.681353100000003,19.44293618,3.97190971,13.90556697,2.676867751,10.7301754,12.54770957,12.0,31.17314915,1.141388633,1.802226053,2.145218635,0.71780339,0.8700781390000001,33.81671786,5.0,5.0,292.7503955,218.0433661,8.033756358,6.761296349,5.883349485,115.06075009999999,Good
265,17.15763566,11.59701959,23.40699499,17.78241458,16.25054011,5.725937641,16.19003209,4.548493672,10.88644647,12.0,11.62340167,45.69775019,0.862240714,1.286725495,3.031170512,1.053687425,0.839187838,34.71322896,5.0,5.0,92.10614729,0.0,8.0,7.09419111,6.479703151,157.064549,Warning
35,16.21160795,13.08802864,21.48019702,18.41684399,13.58892735,3.4724285189999997,12.8016236,3.276854722,6.557358016,7.0613635189999995,8.181990067000001,34.66406918,1.081607296,0.678756186,2.171149198,0.665716389,0.666451847,18.32624611,4.0,4.0,323.8825434,323.1213052,7.2853149020000005,7.287033312,7.047072839,189.611829,Bad
167,9.23979384,4.899980789,21.39438434,16.29986794,17.48420357,3.149708064,15.69975749,4.13166815,10.57276963,13.36742737,12.33239639,27.61050364,1.234140781,1.019501918,1.991882379,0.62977202,0.77410215,28.0,0.0,0.0,441.19744479999997,395.61018870000004,6.0,7.078365945,4.989621525,101.5133677,Bad
19,16.07345778,11.5251741,22.27181332,18.32347192,15.03046092,4.246804213,14.66876569,3.317993721,7.2997187729999995,9.691735909,7.314418067999999,33.01954905,1.301998483,0.8996169940000001,2.1688174609999997,0.656292856,0.622856988,10.30673732,3.869849925,4.20548713,450.0,450.0,6.0,7.058501559,6.599431377999999,101.9209079,Good
414,13.08900273,8.863179612,20.77945536,18.60161741,16.0,2.910174338,14.09000153,3.0,11.47655646,10.86216436,10.23459656,28.58865376,1.5068777309999999,1.59216165,2.225431861,0.7521776240000001,0.685685071,24.17575216,2.037480431,2.037480576,350.0,350.0,6.0,7.064481732000001,5.3191363439999995,102.29161450000001,Good
44,17.05761436,12.89078124,22.96291142,20.14411615,14.46505186,3.059729878,15.31031062,3.184569358,7.8188345020000005,7.449001389,8.280364572,32.4288691,1.4048745059999999,0.881279287,2.139418868,0.6788465029999999,0.637317482,19.81434684,5.0,5.0,306.7100097,90.09624738,7.462525567,7.322298142,7.527205832000001,81.97935178,Good
68,15.86157205,10.90436594,22.50257928,18.21201656,11.47213943,2.358540735,14.35422645,3.1683394789999997,9.125891522,6.571442657,8.1560939,30.85423416,1.4346435030000002,1.075032697,2.129887821,0.997031317,0.636068987,17.32889101,0.0,0.0,350.0,350.0,6.0,6.898931945,5.115553056,67.45807585,Bad
76,16.72483553,13.15422771,22.51812356,19.33972118,9.799178159,2.91509117,8.161214168999999,3.0205276010000004,7.849423913,6.3459855560000005,6.939895527999999,37.51596681,1.450579679,1.0095748629999999,2.42234591,0.8067587629999999,0.819638502,14.36939561,4.7374067460000004,4.737344083,274.9006838,300.0,7.745531885,7.266637139,6.755477915,34.56718803,Bad
152,11.3117712,6.413853212,22.926512,18.941018300000003,20.76040525,4.8013915019999995,15.87340075,4.812017129,12.12166352,10.23190183,9.865099282000001,28.30174783,1.5286063580000002,1.74830827,2.241611353,0.818550375,0.794259864,30.0,0.0,0.0,396.48149589999997,396.48272910000003,7.7173499770000005,6.991984467999999,5.098698511,112.605915,Good
432,18.0,12.88169281,22.8349859,19.57321819,19.74969969,3.834299919,16.28757469,4.02396136,11.17825318,11.59213652,13.09300543,28.27483697,1.643144758,1.9055758859999998,2.128185233,0.579576136,0.7359858979999999,20.0,1.449152934,1.449142726,350.0,350.0,6.0,7.011751048,4.943491634,93.3311125,Bad
11,14.20846397,10.95361074,16.64959435,15.89579657,10.39225129,3.0143382180000002,8.270794792,2.27015399,3.5894217530000003,2.8470829639999997,2.091376215,30.2778278,1.181834507,0.796538227,2.036627311,0.642071396,0.591778795,36.43913193,7.778433552999999,8.306691783,357.6466655,344.29703650000005,7.0,6.929325046000001,5.1444060380000005,43.76781394,Bad
55,14.86706535,10.75338397,23.13436282,20.96460458,9.926490468999999,2.246316777,9.561064595,1.731720422,8.0,6.912435741,7.937709271,31.24170248,1.708056564,1.274643571,2.012525395,0.759924763,0.670472245,14.89412972,0.0,0.0,249.0036528,300.0,5.967152836,6.8910879320000005,4.503718199,41.52486294,Good
270,15.89021496,12.24006576,23.62209863,18.27471702,13.00524657,2.726713081,15.15250404,2.901408463,10.54900504,11.36803741,10.68460964,39.10101686,0.9053134340000001,1.543570532,2.908839783,1.0630517609999999,0.6973906129999999,33.64387209,5.0,5.0,350.0,111.05939529999999,8.0,6.899820127000001,6.43236669,96.74952440000001,Good
9,13.83472351,10.72157903,22.46819571,18.19898603,18.96651598,4.108513009,18.38721722,4.543024572,11.35523584,8.495412983,5.1793348560000005,31.00175395,1.090538247,0.8178993659999999,2.250824064,0.599294105,0.608389129,20.4386006,7.38036202,5.444042327000001,257.4086123,250.0,7.0,6.940679251000001,5.981556381,157.8973145,Warning
29,15.995664000000001,12.94207582,21.79741298,18.6569328,14.67360113,3.4284003789999997,15.60668861,3.538788752,7.482523965,9.056213211000001,7.005404855,31.43020782,1.3164734820000001,0.88671615,2.294052959,0.6599551060000001,0.625791688,10.88639587,4.0,4.0,400.0,400.0,7.782252843999999,7.206689842,6.149704617,68.02249493,Bad
39,15.22480514,12.27759957,21.89719052,19.33872696,17.2921093,5.014886807,9.215633344,2.870374107,7.312669801,6.24994648,5.789271017999999,31.56958249,1.5332766119999999,1.001300448,2.161871723,0.508774831,0.8687051240000001,14.62489488,4.0,4.0,300.0,300.0,8.962456817,7.447900744,7.924127287999999,73.13515847,Warning
385,10.68223181,9.259033585,25.95941131,22.46329987,14.14745992,2.0,11.95731291,3.176565506,4.547565365,5.95664171,6.770818087,28.28368565,1.4644791259999999,1.4967760819999998,2.074378278,0.7212685409999999,0.6774551940000001,29.79347078,5.0,5.0,300.0,106.3103195,6.0,6.934288706,5.1700353969999995,83.11910567,Good
56,15.62862543,10.84378733,23.88918381,20.70087109,10.98875718,3.0344401939999996,14.05019749,2.2106613040000003,8.0,7.347876864,7.610007081,29.45850084,1.6733123109999999,1.280593412,1.943695203,0.854007883,0.7003675109999999,13.01789003,0.0,0.0,280.7988222,251.96558019999998,6.0,7.242806895,4.797917111,116.6883426,Warning
306,13.97363644,10.87370136,26.21790665,22.287909600000003,20.39982412,2.982827457,16.00082454,3.734751773,11.25095485,12.56008651,10.56823262,33.38450629,1.039812705,1.7850789390000001,2.2824254969999997,0.70516901,0.8862366840000001,25.19074963,5.0,5.0,350.0,333.54638,8.0,7.014600075,5.704629574,166.86523,Warning
442,17.55757882,13.01944389,24.62990499,20.64910509,20.02940377,3.836599778,19.70814664,8.713849608,11.09084838,11.35631194,10.91429991,33.14863648,1.645311229,1.88401519,2.412498946,0.7719369840000001,0.7298741259999999,20.11885926,0.0,0.0,348.3506442,346.3027278,6.0,7.074487935,5.0037000030000005,102.25375109999999,Good
103,16.94771414,14.71817001,21.82705344,19.04960038,9.795353682,3.588866494,10.67769881,3.6502691560000002,7.811653864,7.384166275,7.506065311,38.25188666,1.4335967040000002,0.90645654,2.334294171,0.8973952190000001,0.660529743,44.74267695,0.025925608,0.025767814,300.0,127.53939299999999,9.0,7.028326316,5.480149667,74.45226603,Bad
59,15.41793714,10.98658634,23.66750608,20.30841134,10.93589885,2.621675544,12.01686704,2.541125388,7.546234705,6.542990937999999,7.561773477999999,33.87265859,1.527401935,1.182513467,2.141406581,0.898450115,0.709187487,8.0,5.0,5.0,308.69534839999994,277.3616768,6.0,6.864172518999999,5.266410196,64.70641995,Good
389,9.527442118,8.402543437,19.96860242,16.70994494,18.113759899999998,5.513809507,15.09570114,5.717685637000001,5.507047905,7.368129838,8.517217107,28.92831181,1.556577076,1.4235248180000002,2.28918658,0.8044323440000001,0.742909722,35.95821476,5.0,5.0,343.9820639,338.48819469999995,6.0,6.983561024,5.403807209,78.48494834,Good
36,16.65834401,14.231608,22.70570322,19.34533636,16.69921225,3.3200656630000003,14.17772511,2.522031635,6.966967038,7.15436366,7.569471437000001,33.66445803,1.188537936,0.670879766,2.175219234,0.656282978,0.6780574979999999,25.72416408,4.0,4.0,300.0,300.0,8.957145584,6.864950949,7.3946655770000005,82.75767709,Bad
251,18.19826547,14.03710826,22.94846164,20.70594458,11.98789062,2.838484667,11.76731593,3.337261102,9.980996331,12.15476344,12.07650209,38.82357658,1.1356131329999999,1.5609177440000002,2.566829854,0.626085508,0.650259487,25.0,5.0,4.950274939,350.0,350.0,8.0,7.0086916,5.548894475,30.46476136,Good
399,8.017225845,6.76038066,17.78610442,14.76734048,13.10162736,1.90995276,11.64559873,3.0429576910000002,11.09232837,12.60802112,13.39510469,25.65037554,1.564070118,1.7720278919999999,2.238159042,0.709436615,0.680123864,20.0,0.36751998,0.38698371,350.0,350.0,6.0,7.093427807,5.028331025,88.08505113,Warning
52,11.58135846,6.811416968,21.51237073,16.81273437,10.02678681,1.567951453,14.11784744,1.9898457230000002,7.429373299,7.415896505,7.164557447999999,27.53824716,1.439902733,0.838624325,2.0170398169999997,1.094495218,0.622271356,19.43535619,0.0,0.0,301.5556878,300.0,4.722176869,7.023146612000001,4.6997777,94.52599354,Warning
307,13.54863692,10.33479035,24.035419,19.95646458,20.4776491,10.69205482,11.26229196,1.647313623,10.73248592,12.39947952,10.78200616,24.18763986,0.987209022,1.733759389,2.327627686,0.734351338,0.994735268,20.0,5.0,5.0,334.6521321000001,350.0,7.324878628,7.010784019,5.657071805,98.45378971,Bad
48,14.25599563,8.485404989,23.37174701,19.25333963,19.45697976,3.1721196760000003,16.10432094,2.171638663,7.447505272000001,7.203282257000001,7.0803871879999996,29.66943192,1.529251981,1.2023003509999999,1.871186775,0.5936228029999999,0.719841885,12.21316693,4.0,4.532347772,311.99635589999997,327.73580019999997,6.0,7.042341229,5.474195476,115.0408814,Bad
258,17.72031524,13.98799152,21.98978638,19.01360762,11.84963107,3.796610544,12.68882019,4.334659247,10.08792442,10.75581564,10.52917436,41.80382111,0.803813436,1.5557329930000001,2.517095547,0.734530797,0.8199335879999999,28.0,5.0,5.0,282.6684088,282.6802295,7.826192343,7.121870512999999,6.446474322,90.85878171,Good
316,14.853125899999998,10.57118561,28.80124719,25.00100838,23.29241132,14.08425963,16.14319329,4.92150482,9.4502384,10.07600415,8.878132019,27.62931712,1.132931371,1.726203929,2.315808723,0.939734953,0.7742980490000001,25.0,0.0,0.0,350.11064239999996,370.0553362,6.0,7.05723588,4.8801334,83.0801456,Good
217,10.06361762,5.709893357,18.43775264,13.67122072,17.09101864,3.192040932,13.45331664,5.347813611,9.917474827000001,10.96680828,10.96685061,28.66608399,1.136248001,0.9471077459999999,2.5188357519999998,0.8294903109999999,0.84362746,25.53201248,2.830171731,3.39821066,350.0,350.0,6.0,7.009277707000001,4.502545013,83.40287640000001,Bad
110,16.408453400000003,15.39443359,23.22291752,18.83288745,15.70379805,4.896876136,13.48536346,5.251638863,7.214754844,7.386511017999999,7.626500011,39.80799537,1.5139086290000001,0.9103100279999999,2.620728488,0.909033125,0.817287598,24.24248062,0.0,0.0,345.7026743,314.326559,9.0,7.026227542000001,4.766273807,125.09102920000001,Warning
75,15.61235758,13.15374613,22.73312701,20.0191428,11.40764043,2.497515681,8.832517313,2.638242815,7.669328757000001,7.226964099,8.158641411,39.52357979999999,1.582385058,1.02765578,2.156069294,0.7385787340000001,0.84310297,14.11184595,2.384599299,2.384478599,84.96237856,312.1356565,6.0,7.227453553999999,6.515127927999999,42.49011969,Bad
329,11.84068597,9.003814363,24.69571194,20.4325341,15.22196503,2.7970883389999996,10.5697994,2.614101505,11.55907283,10.66972159,10.12580714,24.07583767,1.058981558,1.57371507,2.3123258559999997,0.72126482,0.81889077,25.0,0.955774566,0.955712731,350.0,350.0,6.0,6.994721133,5.044878549,96.74740952,Good
313,12.51815807,8.68589407,24.72128903,21.39313541,18.00350225,2.431844897,9.915854755,1.2600953609999999,9.925225125,9.054543669,8.678210634,28.14400379,0.9290365620000001,1.69156571,1.849167126,0.585630446,0.788859072,23.80663224,3.566113094,3.56494418,348.4910142,260.5262968,6.7448088429999995,7.326109401,5.756430736,123.01454629999999,Bad
260,15.8479954,13.41260025,21.0785376,15.37550261,18.12344112,5.066377728,14.90511672,5.888265951,10.03454216,10.28026422,10.27988712,39.01702853,0.850495753,1.2588889140000001,2.566516729,0.7416993409999999,0.775535358,28.93471629,5.0,5.0,350.0,0.0,8.0,7.056184212000001,5.12798842,103.8837466,Good
84,16.0711718,12.26131989,22.40364637,19.20690246,11.37984318,4.390000066,10.84824794,3.3407747189999997,6.5868497139999995,6.878238424,6.488410235,34.04848548,1.659307836,1.30303257,2.529018204,1.022940908,0.796752448,20.0,1.7578274630000001,1.758012891,337.9669278,337.9657318,8.0,6.845551512,5.803924263,68.47135433,Good
222,10.32583498,6.421141632,19.55444639,16.15781211,16.85641966,6.066842031,9.483764257999999,2.0826680730000002,10.50092033,10.23599647,10.30425156,26.54190332,1.225134495,1.199946517,2.2863776380000003,0.798048155,0.861281382,25.48179778,0.0,0.0,350.0,350.0,6.0,6.8831504,4.503928716,76.83977790000002,Warning
118,14.71224926,13.79516825,21.64114534,18.03204611,12.67985108,5.4738110429999995,9.056539912,4.3024610139999995,7.0274894660000005,5.770138404,7.058540448,35.57216117,1.552129418,0.977005949,2.636734152,0.941912922,0.8111614420000001,27.20986727,0.0,0.0,300.0,301.8106455,8.454187533999999,6.884297556,4.908201563,1.0,Good
179,11.81054879,7.06966515,23.86805625,18.86219599,16.9451338,5.830758369,12.69377592,2.896608015,8.998145093,9.32203294,11.32346571,31.31949001,1.329614464,1.3524783040000001,1.949789746,0.785310312,0.719894182,26.28113078,2.7698316889999997,4.154817603,372.4191561,366.9216086,6.0,6.968831465,5.602309042000001,37.32263629999999,Good
342,13.05352273,8.972766991,23.47785191,18.73875838,15.40107988,1.775616111,17.14046686,3.944161615,11.80820083,10.50946467,11.44407565,29.23246175,0.7581749059999999,1.46093341,2.142361202,0.69349991,0.709133063,35.62147094,4.900000095,4.900000095,309.9137894,261.5859858,6.0,6.917628122999999,5.957500399,95.92850509,Good
162,8.686308915,4.169917163,19.28136397,12.98808577,15.0318605,2.706582507,12.52251736,4.404425237,12.39044407,9.0,11.03122914,26.74832104,1.329199427,1.201214755,2.10909378,0.8030628540000001,0.836639657,29.30401718,0.0,0.0,425.82973849999996,350.0,7.5,7.047779101000001,5.15668218,71.41765617,Warning
89,17.37275534,15.57881487,24.36173305,21.16782007,10.20946909,2.626544876,11.06482053,3.1053909330000002,5.244374448,5.197289059,6.495942182,35.11142262,1.5012095109999999,1.140304346,2.258936683,0.927457392,0.8413697529999999,38.32554556,4.9933093280000005,4.9933093280000005,231.39627369999997,231.35619780000002,9.0,6.843239427,5.777545543,62.74745506,Bad
1,15.85832076,14.73068142,20.78521729,17.40764855,16.7389378,6.998624617999999,14.75545826,6.247634467999999,9.284609039,8.996240301,8.587912581,37.31477688,1.199100063,0.553920325,2.382018472,0.714423519,0.630308578,27.02094127,8.0,10.0,236.0638029,182.12099890000002,7.741932882,6.969547402000001,5.177280681,91.12240695,Bad
153,12.81576538,8.588165141000001,23.26528787,19.96404645,22.26750898,6.96320727,14.91153391,5.653244636,14.01834765,9.769145901,12.3686552,27.10789344,1.475501591,1.487221984,2.329320001,0.8185031209999999,0.845200009,36.81037567,0.0,0.0,362.0775622,361.0758,7.5,6.9814165379999995,5.106268615,118.61506840000001,Good
362,9.943039258999999,7.12636669,22.69471553,20.54179688,15.74906135,2.378707645,11.75194003,3.827405961,9.483765995,11.141144800000001,12.17208889,27.62456392,1.175305186,1.367818851,2.163115345,0.6200802879999999,0.737881635,30.0,4.900000095,4.900000095,317.3808521,317.4968492,6.0,6.832096542,5.580230723,97.47515285,Warning
291,11.0,9.749766369,21.29933354,18.74100112,17.98366852,3.996255374,16.11147588,3.6101591410000005,12.93917075,9.034006001,11.16823231,32.46893169,0.9757120359999999,1.5568809940000001,2.231430675,0.6742011040000001,0.7984064909999999,24.0,5.0,5.0,350.0,250.9543978,9.0,6.974157817,6.256532758,108.87527539999999,Bad
327,13.50065882,9.252192824,25.18465937,21.78773768,14.73631797,2.8820497339999998,11.15003589,4.287312106,9.697550301,6.033877003,4.756223814,26.6582037,1.1719312579999999,1.746119657,2.09149237,0.720553785,0.793857265,24.60173835,4.71742588,4.436417789,345.5387057,214.5873066,7.036317755,7.081679768,5.018710369,66.01673291,Good
319,16.47911399,11.29989238,31.15982999,25.91434744,24.91912901,10.44306508,18.53405195,6.560628616,10.77421395,10.30199119,8.385033756,31.77338014,1.097178225,1.6871159,2.2117019680000003,0.9076388959999999,0.8254961670000001,24.68379612,2.7766173089999997,2.776543194,363.5726111,376.3553133,6.0,6.776259936000001,5.1457027239999995,97.15624882,Good
453,9.548609722,6.463318761,14.17923437,12.16242563,10.48269222,1.6112511919999999,11.36368004,2.173493686,6.801761722999999,7.115529831,6.789640329,28.8622147,1.592207894,1.728462991,2.510677194,0.8355419890000001,0.828430633,25.13328405,1.365434288,1.365616348,255.7649406,255.77417799999998,6.0,7.0238736589999995,5.123714772,92.8115092,Good
272,11.20001428,9.413094699,21.86629898,16.81952578,15.3963113,2.481654254,18.13628255,5.263456939,11.13615587,11.60469723,11.60466198,36.68540906,0.747923427,1.448727686,2.877656665,1.0432536190000001,0.755852925,26.03574816,5.0,5.0,430.04225130000003,0.0,8.0,6.972628802000001,7.156998527000001,164.1105909,Bad
161,9.300223276,5.522142581000001,19.61101932,13.27101411,17.41981664,3.834872789,14.31385611,4.823350156,13.35795958,8.676283785,11.43435887,27.53069821,1.20244614,1.100575936,2.4605103059999998,0.89144536,0.8487377420000001,39.68790913,2.30269316,2.302912084,450.0,350.0,7.5,6.8439885910000005,5.069806917,108.8140966,Warning
18,15.85198973,10.35383509,20.3335431,17.885067499999998,11.91889306,3.563020926,10.51566706,2.8588112089999997,4.857073669,5.978775926,5.178372546,32.918280800000005,1.22337482,0.846797675,1.9426751869999999,0.5808904189999999,0.60847533,20.33449718,4.767919676,4.535727002,428.37340660000007,429.4883568,5.273146915,7.241277977999999,5.595230268,45.60495171,Good
445,15.9288445,10.66127727,23.91845046,19.65548012,18.36192305,3.6816011489999996,19.48667105,6.947384046,11.0620337,11.28723005,11.89347096,31.58191976,1.642810093,1.72280594,2.29542897,0.774534218,0.71143463,31.15258115,0.6237042629999999,0.653874053,309.2253538,309.2235022,6.0,6.889910716,4.828828142,116.524193,Good
54,11.58703638,6.8536542129999996,21.18828543,17.23780974,10.29113756,1.7899657580000001,11.47249178,1.370472245,7.49920739,6.7534561,7.363026939,27.02094856,1.5759359030000002,1.15079651,1.946469471,0.82332807,0.697773792,17.91899035,2.007681771,2.677047986,300.0,300.0,5.0,7.371986051,3.789523752,89.64881523,Good
428,17.78363577,13.06701369,22.51991106,19.52721202,16.99872837,3.578060708,15.55760713,4.713878599999999,11.21046492,11.64960996,11.57028387,29.95317119,1.6101240280000002,1.845519744,2.2660105390000003,0.6961944859999999,0.722479433,20.0,0.0,0.0,350.0,0.0,6.064329651,7.045967502000001,3.7514848510000003,88.94553149,Bad
28,15.6586203,12.206818199999999,19.91113062,18.09538816,12.53714005,3.935813778,11.55433695,2.802774183,5.526467666,8.14253566,5.168117458999999,27.15370648,1.24190165,0.7063530990000001,2.304846709,0.660320361,0.655657174,21.60536819,5.480950012999999,5.2045310030000005,403.14570860000003,403.142988,6.724542388,6.892517702,6.268862989,36.18482744,Good
187,11.61835885,7.459514989,21.38522215,16.30900509,16.48250691,1.3433212380000001,13.53920721,2.039445116,10.50931356,10.20051524,10.68251288,31.63642683,1.244599416,1.1506558059999998,2.0797943,0.8679404759999999,0.883114972,27.20409757,5.012201621,6.004700596,350.0,350.0,7.0,8.543984073999999,5.938560025,107.6250017,Good
431,16.64332944,12.58779439,22.33970273,18.63677951,20.24566633,4.966478414,15.83413514,4.008245914,10.33458151,11.90575469,12.01786019,30.56777479,1.5906449130000002,1.678127544,2.107236808,0.6322979710000001,0.771885005,28.48836627,0.809335255,0.809177893,350.0,298.4254644,6.0,7.270400073999999,5.003000772,127.76085570000001,Bad
49,11.96571482,6.841728379,21.13443613,17.83326324,15.95189617,2.710747799,14.51032012,2.0,6.41537475,6.900984906000001,6.385053946,27.14435944,1.5599101640000002,1.186698973,1.8725660709999998,0.655855026,0.698847303,10.0,0.554672067,0.551717101,321.40123660000006,364.1845955,5.351675405,7.072598403,5.476556517000001,101.707661,Bad
106,15.34206436,12.86067546,22.45395351,18.4423323,15.07713036,4.330845428,12.67663327,4.373759804,9.393217355,8.746790777000001,8.669425545,40.45418858,1.485084163,0.840010521,3.0251929889999998,1.014505744,0.851583109,26.44064238,0.0,0.0,307.77988849999997,329.8380405,9.0,6.970123445,5.435764118,107.7895665,Bad
20,16.3819177,13.40577537,22.39599454,19.33323332,14.71635534,3.370490633,14.32884249,3.0,6.437017691,9.579326404,6.168395152,32.53252997,1.2509613240000002,0.935816277,2.140890117,0.613764981,0.635696693,10.0,4.0,4.0,450.0,450.0,6.0,7.298741065,6.942908766,78.09928734,Good
37,14.5255394,11.64196864,21.04790342,19.59653141,14.70677869,5.021324261,7.294449188,2.2706942409999997,5.788588067,6.413669197000001,5.6515245,27.68522253,1.25096104,0.630329798,2.08562497,0.489600405,0.8066582790000001,43.82000533,4.63258969,4.6344853960000005,300.0,300.0,9.0,6.997219902,5.998383673999999,14.52023908,Good
293,11.0,11.65121924,22.47817874,17.47434236,20.43199096,5.477108134,13.89703069,4.474565323999999,11.0,13.04836532,12.5241246,33.40144475,1.047758248,1.463833306,2.38534087,0.647281084,0.8989700140000001,25.94716175,5.0,5.0,324.00856810000005,319.11803019999996,9.0,6.990264448,7.30202996,134.5179077,Good
83,16.82925075,13.33729674,22.07452414,19.1010248,10.81187006,3.316174016,11.35908225,2.9627698610000004,7.7117352839999995,7.705272865,7.660868027,33.25414819,1.694849311,1.412357603,2.489077746,0.9748376240000001,0.761420457,20.0,5.0,5.0,333.3135602,330.20471299999997,8.0,7.200846611,5.948956105,43.62144122,Bad
176,10.96937116,5.313219408,23.40565447,16.9409997,18.00418312,6.371299186,11.48713746,1.185405466,11.21259503,10.61162416,11.10026354,28.99965438,1.292434187,1.342817498,2.1273324209999998,0.843704242,0.815913335,24.68508095,0.0,0.0,350.0,350.0,6.0,7.040428133,5.784642235,49.94220743,Good
33,16.88138247,13.76374749,22.58264057,19.56816615,20.11827213,5.1477109930000005,14.19369745,3.095723907,7.0,8.901173281,8.607688823,34.0645937,1.313487772,0.925810531,2.1929747269999997,0.5663326989999999,0.6431045479999999,11.0,4.0,4.0,350.0,350.0,8.0,7.011550814,5.9632193010000005,90.67234212,Bad
286,10.63373938,13.16021153,21.74766964,18.54462653,11.49133098,3.7909053719999997,9.708610424,3.27892585,9.447373153,10.42998159,8.863338011,32.60220324,0.847766138,1.5046887869999999,2.521706914,0.6969504959999999,0.651705172,30.52625526,5.0,5.0,327.71806200000003,30.00890527,8.024274422000001,7.342862059,5.692872541,48.70176785,Bad
7,10.63149902,9.413058563,18.86145213,14.47287592,15.47988415,3.750931867,14.41730899,3.620456181,11.84799731,8.189384378,9.917161017,31.04740824,1.086948313,0.6972831629999999,2.247102487,0.676166127,0.660605361,18.0,9.0,8.0,288.1022163,288.10344060000006,5.0,7.694162853,5.171711257,74.83117863,Bad
62,12.12233991,9.148558353,21.95289937,17.61577212,11.42468837,2.47319538,12.64538284,3.111255987,6.670186204,7.117435035,6.462590487999999,30.22666239,1.5934996830000001,1.322929974,2.039180238,0.970660303,0.8404223409999999,12.23301549,4.120119669,4.119818168,261.5442366,261.5890707,7.375598545,7.1165452689999995,5.730095092999999,63.39631952,Good
455,11.7241839,6.45245706,17.0,13.91667881,16.14603366,2.449662043,15.16022394,3.0,11.20791824,11.560223800000001,10.75672425,27.84227218,1.605514685,1.710765286,2.446768015,0.7057933470000001,0.744380558,23.09242239,3.0,3.0,345.91376560000003,350.0,6.0,7.006771238,4.8893701169999995,90.32444481,Good
456,9.97088873,6.207633148999999,16.25506327,12.50166047,16.87476818,1.873633664,13.71768453,3.6927906760000004,12.0,11.39807461,9.027087482,27.57182914,1.518092961,1.653318407,2.49962457,0.764262847,0.7491323740000001,22.46013094,5.263499161,4.508671699,339.238586,339.2002412,6.0,6.883966666,4.664134942,21.66134259,Good
252,18.98398131,14.53402198,21.32424633,20.09056283,11.68651539,3.0,11.11130646,3.556526058,8.780950292,8.92014442,10.24638148,40.02163688,0.964328876,1.639649991,2.497378676,0.630531615,0.641036955,25.355686399999996,5.0,5.0,344.4797803,350.0,8.0,7.089540669,5.563463748999999,42.93514341,Good
111,15.80160294,14.7302378,23.69716496,19.14944742,15.335081699999998,4.207605711999999,13.64758022,6.205848909,8.0,7.581002614,7.7303855420000005,35.36591373,1.743916499,0.9866854409999999,2.642886979,0.996743122,0.8726726690000001,21.89602571,0.0,0.0,350.0,380.2464477,9.0,7.095300936,5.481591315,128.8696428,Warning
148,10.82354429,7.006735464,23.12085515,19.42008598,24.71886436,9.350234964,17.73933989,6.01328506,13.36497907,9.650443016,9.304907199999999,28.86224007,1.538894646,1.7865880280000002,2.237885275,0.782799452,0.7724935940000001,25.0,0.0,0.0,337.24465739999994,324.4931693,7.56294265,7.034941203,5.134438187,106.0891625,Good
134,12.0,8.40433143,23.95471553,19.13850168,15.480692000000001,4.488122762,15.914475099999999,5.691848824,8.0,8.073098357000001,7.779187684,25.69910859,1.950079902,1.307980193,2.429178325,0.848458587,0.8005515999999999,35.30311629999999,7.072932374,7.0,434.7099796,386.39189700000003,8.094871357,6.909961153999999,5.2068777289999995,120.48367009999998,Bad
69,15.09192634,10.6708263,22.4349389,19.19432391,8.475189218999999,2.0,12.71464882,2.8631635589999997,7.419870255,5.395732101,7.357148929,31.04886197,1.281643515,0.719771405,2.224304113,1.176735978,0.58522603,25.13256887,0.621775226,0.621702882,315.5127501,274.3004346,6.0,7.350489499,5.83245728,153.94916519999998,Warning
98,15.6015428,14.85221828,20.33358678,18.43509273,9.164774387000001,3.16218711,11.41101995,3.145612634,6.986153903,7.0,6.801794709,39.371825799999996,1.447698069,1.135637348,2.3448772890000003,0.794214986,0.651757514,28.40440665,1.681816996,1.681891235,300.0,300.0,8.549949756,7.126857735,6.360909222,81.22445307,Bad
301,10.26250192,11.07478363,23.47081619,18.45658231,21.66278584,6.3526667429999994,16.52473364,4.274200165,10.86888417,12.09607461,12.2256071,30.75559158,1.182823693,1.6924018140000001,2.338219516,0.7822639790000001,0.79953792,17.72705893,5.0,5.0,350.0,325.0,9.0,6.971580304,6.942445596000001,176.4895904,Good
189,11.60985171,8.397157813,22.70260313,18.55717699,18.32216225,3.65306967,16.35015496,4.514944352,11.77645888,11.511496000000001,11.19109024,27.70789185,1.021953437,0.997201626,2.22396132,1.209665105,0.893559297,22.43735273,4.709603695,6.0,350.0,350.0,6.8610126739999995,7.801490594,6.130417233999999,116.5795953,Good
60,15.47229482,10.92448842,25.00231576,21.25615434,11.80907968,2.147096963,13.10995764,2.20511495,6.92660265,6.776937644,7.244791068,32.344501,1.546327578,1.148400876,2.2617873090000002,0.937239223,0.7916638159999999,8.0,4.365753882,5.0,336.0984042,336.1002734,6.0,7.094385252,4.9918007730000005,101.5130653,Bad
341,13.75328164,8.403076941,27.39271052,20.55261372,20.16839188,4.268999235,14.23130575,6.726834011,9.777418976,11.03246111,12.33880646,27.80846311,0.831608224,1.441827226,2.0880986480000003,0.670045806,0.70580999,34.63036547,4.900000095,4.900000095,305.9096481,121.96517920000001,6.0,7.100070095,5.419198227000001,83.96126898,Good
2,10.58188685,8.465574013,19.74470821,16.01822204,18.97113807,4.360213776,17.66734865,5.214348942,4.8923483580000005,4.076709216999999,4.076394264,31.86209867,1.534501139,1.33687339,1.913601289,0.621833802,0.659446944,17.08835925,1.638621703,1.6387457559999998,250.0,250.0,7.0,6.895972614,5.168646528,165.17559730000002,Bad
66,17.84810014,14.12541649,23.57853012,19.19585759,14.91914098,2.448634803,15.99814951,3.484393344,6.847940127,7.052064606,6.992837182000001,33.34638943,1.3688423859999999,1.010216639,2.106808329,0.8789830240000001,0.666145926,19.25164061,0.16655016,0.16657469,275.2537901,242.1111046,6.0,7.361308589,5.252182041,73.95644948,Bad
235,12.80987162,8.360950416,21.33890277,19.05588473,15.88875857,4.517329281,15.66549056,5.910765211,8.885037215,10.02043509,10.45072749,32.59477261,1.190842208,1.772954252,2.247307205,0.73891515,0.611142014,26.0,5.0,4.0,350.0,350.0,6.0,6.96616894,4.508946731,40.26053213,Good
398,10.0006524,8.548465012000001,22.28559513,18.222737,15.37696608,2.1832568169999997,11.86724657,3.979936817,11.93715664,11.28501537,12.87685245,28.28056432,1.461210886,1.767696212,2.192043093,0.7109060629999999,0.671571358,20.47996953,4.75,5.0,350.0,342.185998,6.0,7.065747171,5.667148994,73.96975699,Good
85,13.99072518,11.40778042,22.41849646,18.19719363,10.69976601,3.223035785,10.74855096,4.291905231,6.445623437999999,6.22266031,7.433194301,35.27409179,1.6395234459999999,1.234427039,2.640431859,1.0876241359999999,0.8586687470000001,20.0,0.0,0.0,300.0,299.2879362,8.0,7.048922121,5.532929757000001,90.14876214,Warning
26,16.34193953,13.53033208,22.37906757,18.58813226,16.34433537,3.783655886,14.77558233,3.624136216,5.88042191,9.752066759,7.519111435,30.256511699999997,1.3632236530000001,0.953572306,2.111993661,0.63563201,0.6168495079999999,10.0,4.0,4.0,450.0,450.0,7.0,7.201125642,6.2814374079999995,94.90098291,Good
218,10.5979186,5.785422268,20.37233976,15.55028606,18.09466385,6.6872124379999995,13.36041621,5.392782916,10.38881612,11.05421431,10.36862596,28.93650861,1.219816007,1.004667147,2.48732834,0.942086258,0.842539277,25.45475784,0.0,0.0,350.0,350.0,6.0,7.222669415,4.522681319,71.21246939,Bad
278,12.29474212,14.16429931,22.05621583,20.28583762,10.99548875,4.175701965,7.750233607999999,3.8020295539999998,3.2940525210000002,2.566540673,3.7568797110000003,35.56933952,0.922052862,1.856964151,2.50919411,0.6728228490000001,0.69974147,14.40827801,4.4077995780000006,5.0,323.7866018,314.79452810000004,8.0,7.027948169,5.2601250660000005,52.50102946,Good
105,18.24624158,15.215659200000001,21.06161254,18.24353331,10.52430929,4.670355739,12.7022358,6.91940063,4.965850414,4.925746587,5.309233571,41.49627524,1.453786908,0.8133043240000001,2.53141483,0.824622625,0.706390069,26.02378791,0.0,0.0,322.0548516,322.05554789999997,9.265766562,7.234540767,5.257462706,92.04079567,Good
287,12.49744922,12.15979005,22.04883527,18.03478656,18.02605988,5.76930765,16.39710701,5.461548197000001,12.76253238,10.93994399,11.07839813,34.82967158,0.844094042,1.361192207,2.460702584,0.711013525,0.6892495390000001,29.51577603,5.0,5.0,324.4316193,199.5173574,9.0,7.04167875,6.74907041,102.8668078,Warning
231,13.55073748,8.786592199,23.90969832,20.65803854,22.43423698,10.34352238,18.05213159,8.228141002000001,10.02243291,10.27237959,10.84745777,35.18026183,1.056177503,1.5310061000000001,2.090246554,0.818994656,0.708241516,29.46150188,5.0,4.0,355.1227291,339.7619028,5.0,6.9557980189999995,4.88623426,67.15837071,Good
412,11.26443668,10.08819113,21.60203985,19.74481999,12.45404579,2.917841586,11.94207042,2.341463183,10.72348125,11.49421878,10.57452567,28.61525768,1.5545709980000002,1.686211123,2.163224295,0.766412068,0.7152197509999999,21.38488979,0.175209636,0.17528355899999998,350.0,350.0,6.0,6.978984414,6.106965376000001,87.77961635,Good
277,9.952599981,11.17338278,17.91734069,13.38078109,7.2308510770000005,2.345669405,7.530599281000001,1.1934326720000001,4.599111726,4.9465206880000006,6.257979476,32.05021573,1.092648059,1.9006091530000002,2.616690256,0.7659967529999999,0.621090148,0.0,4.348598634,5.0,317.59556680000003,194.6558601,6.7563929389999995,6.9313088160000005,5.276554782,9.656301882000001,Good
166,10.0740508,5.0,21.92599601,17.66853515,15.70652733,1.33241772,13.17534216,1.986857546,9.777528842999999,9.44325912,9.975774142999999,27.12974194,1.279972831,1.0803794290000002,2.032632109,0.673616177,0.773783813,27.81483861,0.37600757,0.313398525,350.0,350.0,6.0,7.073794665,4.994558734,81.45225092,Bad
232,16.11649341,9.336134754,24.08949066,20.89933227,23.91771209,12.12844952,18.64331385,6.926994747,11.17974124,10.73923739,10.92315503,34.19651104,1.095340822,1.659692969,2.053726183,0.8098958740000001,0.6853564109999999,26.36590966,5.0,4.0,350.0,350.0,5.927104024,7.0869849160000005,4.749979107,80.24112461,Good
207,9.505382163,5.103636637,16.80644946,13.77772613,10.08765591,1.695396119,9.090259253,2.301257358,6.052774972000001,8.026322823,8.841259069,25.14513742,0.8407351609999999,0.822131625,1.501802466,0.644577342,0.620106527,28.12131355,1.226995652,1.839902166,300.0,350.0,6.0,7.748870248999999,4.752439279,4.218088895,Bad
280,13.79489515,13.03661383,22.71847383,17.65271837,20.64888933,6.737096137000001,16.59461814,6.250623882999999,11.08198993,11.0,10.08083108,31.94888683,0.686835265,1.608601961,2.5035517869999997,0.748469429,0.7329684590000001,26.0,5.0,5.0,350.0,350.0,8.0,6.971137872999999,5.1803569519999995,77.26918547,Bad
139,14.35033127,10.14977838,24.059658399999996,20.73946566,15.73286196,3.0,16.20755666,3.5244319710000003,6.723398632,6.980179331,7.54566702,25.13555539,1.557538493,1.689489959,2.395493306,0.7290676559999999,0.848644539,24.96667697,0.0,0.0,454.5275868,477.26197410000003,9.0,7.030816382,5.17162063,120.9322867,Bad
361,12.45875797,8.623996035,23.82769014,21.78158189,15.71429213,3.490044355,12.35450231,4.274008714,7.6163309329999995,9.640830851,8.795565013,27.13649733,1.183451408,1.41220472,2.152761306,0.681510328,0.727035428,36.81713688,4.900000095,4.900000095,300.0,212.2511694,6.0,7.116057512,5.022259531,58.27749002,Good
230,11.48252082,7.626046204,22.11259499,19.66974324,20.92789851,7.208517714,17.61657166,8.856545411,9.891204282,9.948315718,9.478707685,32.39222335,1.063668848,1.632738952,2.123355802,0.808740018,0.736059115,27.25077058,5.0,4.163013802,351.23026410000006,344.059641,5.0,7.021636668999999,4.683717157,78.53112587,Good
21,14.26835413,12.65625559,20.983717300000002,19.67395734,11.75414213,3.40582026,11.71912933,3.722640162,8.066541319,8.154622401000001,7.200259924,33.03568787,1.298785901,0.764464417,2.1135646180000003,0.661111676,0.622521203,16.11363696,9.280111788,10.17094678,427.76881280000003,427.771667,6.571167135,7.240783276,6.2336654970000005,30.71141028,Good
0,12.29565486,12.00387969,20.34631441,16.65732372,13.80939938,6.587716244,12.18465681,4.896490619,6.694041297,6.407823716,4.515850005,33.97259533,1.206176847,0.6352123510000001,2.208476867,0.7340468790000001,0.589156104,36.11773305,10.01195068,9.737078009,143.49026619999998,143.33045249999998,7.0575852,7.23085164,4.87783504,27.01638661,Bad
357,9.680703125,7.078394062,22.61270619,19.34805586,19.91790965,7.178868477000001,14.39421256,5.578012789,9.222974641,10.63156549,11.50325465,26.91530789,1.07319962,1.5058583680000002,2.374620512,0.881323788,0.709766221,29.92383705,4.900000095,4.900000095,345.83692510000003,345.7233655,6.0,6.991097702,4.760026003,54.42897681,Good
315,12.41272437,10.22593698,24.21915998,16.99120507,23.70844602,10.01842998,14.93207112,3.0,6.183142851,5.944434413,5.981574305,25.495096,1.147882268,1.7226505380000001,2.177470572,0.881487635,0.8301875609999999,24.47528999,1.159092966,1.159183525,350.0,350.0,6.0,6.958772767,5.168095636,156.2350391,Bad
194,10.88648143,6.142151875,22.14517852,19.57668929,12.26259082,1.6841926040000001,10.64130133,2.723511134,7.690965556,7.803897956,7.473059062999999,29.11455699,1.183220461,1.197397258,2.227894252,0.825906774,0.693489831,25.42715843,4.332580258,6.0,277.56620780000003,277.19046529999997,6.0,8.057972114,4.881881162,28.26537962,Good
237,13.60069022,10.37566942,22.43400445,19.66228247,16.74928723,2.604718849,20.8483417,10.53617235,11.12001732,10.25069211,10.25071585,32.38151102,1.060997983,1.560682942,2.364565914,0.773980826,0.6518063820000001,24.62223249,5.0,4.0,350.0,350.0,6.0,7.170130901,4.626998674,91.13732885,Bad
138,12.57678062,9.762223461,22.85205364,20.62533484,18.85150211,3.600564576,17.08832264,4.1510065,6.096434843,5.849723697999999,6.800043997,25.9821922,1.7561313180000002,1.630931851,2.390777995,0.713675327,0.806885297,23.77644682,0.0,0.0,500.0,500.0,9.0,6.965669425,5.1836224589999995,156.4538149,Good
